4,write,7,6/10/2024
33,read,5,6/12/2024
33,execute,1,6/13/2024
6,write,6,6/15/2024
24,execute,8,6/12/2024
22,write,2,6/12/2024
31,write,9,6/13/2024
8,write,4,6/13/2024
21,read,5,6/12/2024
26,execute,2,6/10/2024
24,read,10,6/12/2024
10,read,6,6/15/2024
20,write,7,6/14/2024
14,execute,7,6/11/2024
5,execute,1,6/10/2024
3,read,9,6/13/2024
11,write,7,6/11/2024
7,read,1,6/15/2024
22,write,9,6/14/2024
4,execute,8,6/13/2024
28,read,7,6/14/2024
2,write,10,6/12/2024
23,write,8,6/12/2024
21,write,9,6/12/2024
21,read,1,6/15/2024
24,write,5,6/15/2024
19,read,3,6/15/2024
24,execute,10,6/10/2024
5,execute,4,6/14/2024
26,execute,2,6/14/2024
23,execute,9,6/15/2024
21,execute,6,6/15/2024
37,read,8,6/10/2024
26,execute,6,6/14/2024
27,write,7,6/14/2024
13,write,10,6/12/2024
11,execute,9,6/13/2024
16,read,5,6/13/2024
32,execute,10,6/15/2024
23,write,5,6/13/2024
32,execute,10,6/11/2024
16,execute,7,6/12/2024
8,read,6,6/15/2024
1,read,5,6/13/2024
39,write,1,6/10/2024
38,execute,9,6/11/2024
17,read,3,6/10/2024
28,execute,3,6/14/2024
27,execute,10,6/12/2024
25,execute,9,6/12/2024
15,write,3,6/13/2024
25,read,3,6/13/2024
27,write,1,6/10/2024
39,execute,5,6/13/2024
22,write,3,6/15/2024
30,write,6,6/10/2024
18,read,4,6/10/2024
28,execute,3,6/13/2024
10,execute,4,6/11/2024
10,read,5,6/12/2024
23,execute,2,6/11/2024
3,write,2,6/12/2024
24,write,10,6/15/2024
34,read,6,6/12/2024
25,execute,6,6/13/2024
14,write,9,6/11/2024
37,execute,6,6/15/2024
26,read,6,6/12/2024
34,write,9,6/13/2024
29,execute,5,6/15/2024
12,read,8,6/12/2024
17,execute,8,6/14/2024
27,write,7,6/11/2024
26,write,4,6/12/2024
24,write,6,6/11/2024
24,read,8,6/14/2024
30,read,7,6/13/2024
8,read,3,6/12/2024
24,write,1,6/15/2024
8,read,8,6/10/2024
12,execute,10,6/11/2024
5,execute,6,6/13/2024
33,write,9,6/11/2024
17,write,4,6/13/2024
1,read,8,6/10/2024
25,write,5,6/10/2024
34,execute,4,6/13/2024
9,write,8,6/12/2024
5,write,8,6/13/2024
33,write,3,6/10/2024
16,read,6,6/13/2024
25,write,4,6/12/2024
29,write,9,6/10/2024
8,write,5,6/14/2024
28,execute,1,6/10/2024
30,read,8,6/12/2024
8,read,3,6/14/2024
20,write,6,6/14/2024
26,execute,6,6/13/2024
17,read,9,6/12/2024
19,execute,3,6/10/2024
20,read,6,6/11/2024
3,read,9,6/15/2024
6,write,2,6/13/2024
8,read,7,6/10/2024
31,write,5,6/12/2024
35,write,4,6/10/2024
24,write,10,6/10/2024
37,read,5,6/15/2024
35,execute,4,6/10/2024
25,write,8,6/13/2024
7,execute,10,6/11/2024
33,write,3,6/10/2024
37,execute,9,6/12/2024
11,execute,1,6/14/2024
5,read,6,6/12/2024
6,execute,1,6/14/2024
2,write,2,6/15/2024
14,execute,5,6/11/2024
38,write,3,6/11/2024
30,execute,2,6/15/2024
21,execute,9,6/12/2024
1,read,9,6/13/2024
34,read,4,6/13/2024
37,read,10,6/11/2024
31,read,1,6/10/2024
9,execute,4,6/12/2024
36,read,6,6/10/2024
26,execute,2,6/13/2024
36,read,5,6/10/2024
17,execute,9,6/10/2024
36,write,10,6/14/2024
19,write,4,6/12/2024
3,execute,1,6/12/2024
1,read,5,6/11/2024
17,execute,2,6/15/2024
18,write,5,6/14/2024
6,read,5,6/10/2024
16,read,5,6/13/2024
19,write,4,6/15/2024
37,execute,9,6/10/2024
2,write,9,6/12/2024
19,read,9,6/11/2024
39,write,4,6/11/2024
19,read,1,6/14/2024
3,write,8,6/10/2024
8,write,7,6/10/2024
39,read,7,6/12/2024
5,execute,9,6/12/2024
20,write,5,6/11/2024
8,execute,4,6/14/2024
4,write,7,6/13/2024
19,write,4,6/12/2024
25,write,2,6/11/2024
39,execute,7,6/12/2024
15,read,1,6/10/2024
2,execute,1,6/12/2024
31,read,7,6/10/2024
15,read,3,6/13/2024
8,execute,2,6/14/2024
28,write,10,6/13/2024
20,read,4,6/12/2024
39,write,3,6/14/2024
15,write,8,6/10/2024
38,execute,9,6/15/2024
17,execute,10,6/13/2024
27,execute,1,6/10/2024
25,read,5,6/10/2024
16,execute,9,6/13/2024
29,read,2,6/11/2024
17,read,3,6/10/2024
34,execute,1,6/11/2024
19,execute,5,6/14/2024
21,write,4,6/11/2024
6,read,3,6/13/2024
35,write,5,6/13/2024
5,write,7,6/14/2024
25,execute,5,6/10/2024
30,execute,10,6/14/2024
15,read,10,6/15/2024
23,write,4,6/15/2024
2,read,3,6/13/2024
37,write,4,6/11/2024
13,write,7,6/15/2024
6,write,1,6/11/2024
25,execute,10,6/14/2024
38,execute,6,6/10/2024
9,execute,1,6/14/2024
1,read,6,6/11/2024
31,execute,5,6/14/2024
19,execute,2,6/15/2024
10,read,3,6/12/2024
15,read,1,6/14/2024
8,write,7,6/10/2024
10,read,3,6/15/2024
13,write,8,6/11/2024
4,read,4,6/10/2024
20,execute,8,6/15/2024
29,read,8,6/11/2024
10,write,7,6/13/2024
11,write,5,6/14/2024
19,write,3,6/12/2024
39,read,9,6/14/2024
30,write,6,6/13/2024
1,read,9,6/10/2024
13,execute,3,6/14/2024
31,read,5,6/13/2024
11,write,4,6/13/2024
19,execute,4,6/12/2024
3,execute,4,6/10/2024
10,write,5,6/10/2024
18,read,5,6/14/2024
34,read,7,6/13/2024
28,execute,8,6/14/2024
3,execute,9,6/13/2024
24,execute,8,6/14/2024
31,execute,7,6/15/2024
36,read,4,6/15/2024
16,read,2,6/12/2024
20,write,9,6/13/2024
17,execute,5,6/10/2024
16,execute,9,6/14/2024
31,execute,7,6/13/2024
19,execute,4,6/15/2024
27,read,9,6/15/2024
9,read,1,6/13/2024
28,write,9,6/12/2024
39,execute,1,6/13/2024
5,execute,1,6/10/2024
1,write,4,6/14/2024
14,write,9,6/11/2024
12,read,5,6/14/2024
6,write,9,6/13/2024
3,read,9,6/13/2024
25,read,7,6/10/2024
10,write,8,6/14/2024
8,read,4,6/14/2024
5,execute,8,6/14/2024
36,read,1,6/11/2024
37,write,5,6/10/2024
31,write,2,6/13/2024
12,read,8,6/10/2024
11,read,8,6/12/2024
24,execute,10,6/12/2024
19,write,9,6/11/2024
34,write,10,6/11/2024
38,read,4,6/10/2024
21,execute,4,6/15/2024
30,execute,2,6/15/2024
31,execute,2,6/15/2024
7,read,7,6/14/2024
18,write,7,6/11/2024
22,write,6,6/15/2024
4,execute,2,6/14/2024
8,read,7,6/15/2024
24,read,2,6/12/2024
35,write,3,6/15/2024
3,execute,8,6/12/2024
22,write,4,6/15/2024
4,read,10,6/10/2024
22,read,2,6/10/2024
17,read,6,6/12/2024
23,execute,7,6/15/2024
16,read,6,6/10/2024
17,execute,3,6/12/2024
38,read,4,6/12/2024
31,execute,4,6/10/2024
36,execute,6,6/12/2024
30,execute,4,6/11/2024
13,write,8,6/13/2024
1,execute,3,6/11/2024
35,write,5,6/11/2024
1,execute,10,6/12/2024
32,read,7,6/11/2024
11,write,7,6/15/2024
13,execute,7,6/14/2024
2,write,1,6/11/2024
32,execute,6,6/11/2024
13,write,5,6/15/2024
21,execute,6,6/12/2024
33,write,8,6/15/2024
4,execute,7,6/11/2024
13,execute,4,6/14/2024
19,read,2,6/15/2024
33,write,2,6/15/2024
38,execute,7,6/13/2024
37,read,5,6/15/2024
4,read,3,6/13/2024
11,execute,1,6/15/2024
22,read,9,6/10/2024
5,read,1,6/14/2024
9,write,1,6/11/2024
37,execute,1,6/13/2024
6,execute,1,6/11/2024
17,execute,3,6/13/2024
7,read,10,6/13/2024
31,read,7,6/13/2024
36,write,6,6/13/2024
5,execute,3,6/10/2024
33,execute,2,6/11/2024
25,execute,5,6/14/2024
18,read,8,6/13/2024
11,read,2,6/13/2024
26,read,4,6/11/2024
11,read,8,6/13/2024
31,read,2,6/12/2024
6,read,6,6/15/2024
39,write,7,6/15/2024
39,execute,5,6/10/2024
30,read,4,6/12/2024
13,execute,10,6/14/2024
39,execute,9,6/10/2024
30,read,1,6/10/2024
17,read,1,6/13/2024
35,execute,9,6/10/2024
5,write,4,6/11/2024
9,write,7,6/13/2024
32,read,7,6/14/2024
29,execute,2,6/15/2024
12,execute,9,6/12/2024
11,execute,4,6/10/2024
1,read,8,6/10/2024
39,read,8,6/11/2024
8,read,5,6/14/2024
30,write,1,6/12/2024
5,execute,5,6/15/2024
18,read,6,6/10/2024
8,execute,6,6/11/2024
1,write,6,6/10/2024
30,read,6,6/14/2024
8,execute,1,6/13/2024
6,write,10,6/11/2024
12,execute,6,6/11/2024
20,read,5,6/15/2024
32,execute,5,6/10/2024
33,execute,1,6/10/2024
36,execute,5,6/12/2024
21,read,1,6/14/2024
39,execute,8,6/15/2024
36,read,5,6/14/2024
18,write,1,6/10/2024
6,write,7,6/13/2024
4,write,3,6/10/2024
3,write,3,6/13/2024
21,execute,9,6/15/2024
16,write,1,6/10/2024
17,write,3,6/12/2024
13,execute,2,6/14/2024
11,execute,5,6/11/2024
18,read,5,6/10/2024
31,read,8,6/14/2024
14,execute,4,6/12/2024
34,read,1,6/15/2024
6,write,7,6/15/2024
19,execute,9,6/15/2024
17,write,1,6/15/2024
24,write,8,6/13/2024
38,read,5,6/14/2024
3,read,7,6/15/2024
11,execute,8,6/13/2024
25,write,10,6/11/2024
31,execute,3,6/13/2024
34,execute,9,6/11/2024
28,execute,4,6/14/2024
31,read,1,6/11/2024
27,read,1,6/13/2024
23,write,7,6/13/2024
10,write,2,6/15/2024
1,write,10,6/13/2024
23,execute,5,6/14/2024
29,write,6,6/12/2024
14,write,7,6/14/2024
35,write,7,6/15/2024
13,read,4,6/12/2024
28,read,7,6/14/2024
31,read,1,6/14/2024
4,read,5,6/14/2024
11,write,5,6/10/2024
36,execute,2,6/11/2024
10,execute,2,6/14/2024
16,read,10,6/14/2024
31,read,1,6/10/2024
33,execute,4,6/11/2024
33,read,4,6/15/2024
1,read,7,6/15/2024
36,execute,4,6/10/2024
11,execute,5,6/14/2024
14,write,1,6/14/2024
36,execute,1,6/11/2024
21,read,9,6/14/2024
37,write,3,6/11/2024
39,execute,5,6/15/2024
19,write,9,6/11/2024
3,read,8,6/15/2024
21,execute,10,6/11/2024
22,execute,6,6/10/2024
13,read,8,6/10/2024
23,read,4,6/14/2024
36,execute,9,6/10/2024
18,read,6,6/12/2024